Description,Valence Mean,Arousal Mean,Dominance Mean,People Counter
pardon,4.5,4.5,4.5,1
knelt,4.5,4.5,4.5,1
sleek,4.5,4.5,4.5,1
hath,4.5,4.5,4.5,1
captain,4.5,4.5,4.5,1
lace,4.5,4.5,4.5,1
scold,4.5,4.5,4.5,1
bludgeon,4.5,4.5,4.5,1
lord,4.5,4.5,4.5,1
hedg,4.5,4.5,4.5,1
merchant,4.5,4.5,4.5,1
everi,4.5,4.5,4.5,1
risk,4.5,4.5,4.5,1
rise,4.5,4.5,4.5,1
voic,4.5,4.5,4.5,1
jack,4.5,4.5,4.5,1
govern,4.5,4.5,4.5,1
appar,4.5,4.5,4.5,1
vast,4.5,4.5,4.5,1
chapel,4.5,4.5,4.5,1
knowest,4.5,4.5,4.5,1
prize,4.5,4.5,4.5,1
parrot,4.5,4.5,4.5,1
solid,4.5,4.5,4.5,1
whirlwind,4.5,4.5,4.5,1
enjoy,4.5,4.5,4.5,1
nigh,4.5,4.5,4.5,1
direct,4.5,4.5,4.5,1
sabbath,4.5,4.5,4.5,1
horn,4.5,4.5,4.5,1
nail,4.5,4.5,4.5,1
hors,4.5,4.5,4.5,1
valiant,4.5,4.5,4.5,1
illumin,4.5,4.5,4.5,1
even,4.5,4.5,4.5,1
amus,4.5,4.5,4.5,1
decre,4.5,4.5,4.5,1
spokesman,4.5,4.5,4.5,1
conduct,4.5,4.5,4.5,1
new,4.5,4.5,4.5,1
told,4.5,4.5,4.5,1
crouch,4.5,4.5,4.5,1
herb,4.5,4.5,4.5,1
never,4.5,4.5,4.5,1
lodg,4.5,4.5,4.5,1
drew,4.5,4.5,4.5,1
met,4.5,4.5,4.5,1
china,4.5,4.5,4.5,1
path,4.5,4.5,4.5,1
chink,4.5,4.5,4.5,1
strewn,4.5,4.5,4.5,1
daughter,4.5,4.5,4.5,1
smoke,4.5,4.5,4.5,1
studi,4.5,4.5,4.5,1
cormoran,4.5,4.5,4.5,1
plashfrom,4.5,4.5,4.5,1
legitim,4.5,4.5,4.5,1
golden,4.5,4.5,4.5,1
envious,4.5,4.5,4.5,1
straw,4.5,4.5,4.5,1
brought,4.5,4.5,4.5,1
sneer,4.5,4.5,4.5,1
daughterinlaw,4.5,4.5,4.5,1
spoke,4.5,4.5,4.5,1
princess,4.5,4.5,4.5,1
call,4.5,4.5,4.5,1
armi,4.5,4.5,4.5,1
strike,4.5,4.5,4.5,1
extravag,4.5,4.5,4.5,1
tell,4.5,4.5,4.5,1
griev,4.5,4.5,4.5,1
notic,4.5,4.5,4.5,1
warn,4.5,4.5,4.5,1
warm,4.5,4.5,4.5,1
grandfath,4.5,4.5,4.5,1
holi,4.5,4.5,4.5,1
mainland,4.5,4.5,4.5,1
hole,4.5,4.5,4.5,1
hold,4.5,4.5,4.5,1
goodfornoth,4.5,4.5,4.5,1
join,4.5,4.5,4.5,1
room,4.5,4.5,4.5,1
restor,4.5,4.5,4.5,1
work,4.5,4.5,4.5,1
candlestick,4.5,4.5,4.5,1
boldest,4.5,4.5,4.5,1
workribbon,4.5,4.5,4.5,1
wors,4.5,4.5,4.5,1
mr,4.5,4.5,4.5,1
hansel,4.5,4.5,4.5,1
root,4.5,4.5,4.5,1
shook,4.5,4.5,4.5,1
wand,4.5,4.5,4.5,1
give,4.5,4.5,4.5,1
unjust,4.5,4.5,4.5,1
household,4.5,4.5,4.5,1
flung,4.5,4.5,4.5,1
exquisit,4.5,4.5,4.5,1
frighten,4.5,4.5,4.5,1
fishinglin,4.5,4.5,4.5,1
overheard,4.5,4.5,4.5,1
want,4.5,4.5,4.5,1
enchantress,4.5,4.5,4.5,1
hog,4.5,4.5,4.5,1
end,4.5,4.5,4.5,1
solitud,4.5,4.5,4.5,1
keen,4.5,4.5,4.5,1
ceremoni,4.5,4.5,4.5,1
how,4.5,4.5,4.5,1
hop,4.5,4.5,4.5,1
gate,4.5,4.5,4.5,1
sleepth,4.5,4.5,4.5,1
polit,4.5,4.5,4.5,1
recogn,4.5,4.5,4.5,1
lad,4.5,4.5,4.5,1
ladder,4.5,4.5,4.5,1
after,4.5,4.5,4.5,1
pimpl,4.5,4.5,4.5,1
befor,4.5,4.5,4.5,1
lay,4.5,4.5,4.5,1
beauti,4.5,4.5,4.5,1
headdress,4.5,4.5,4.5,1
nightcloth,4.5,4.5,4.5,1
attempt,4.5,4.5,4.5,1
splendid,4.5,4.5,4.5,1
credenti,4.5,4.5,4.5,1
childhood,4.5,4.5,4.5,1
perform,4.5,4.5,4.5,1
enter,4.5,4.5,4.5,1
hasti,4.5,4.5,4.5,1
order,4.5,4.5,4.5,1
wind,4.5,4.5,4.5,1
carnat,4.5,4.5,4.5,1
deck,4.5,4.5,4.5,1
crumbl,4.5,4.5,4.5,1
orang,4.5,4.5,4.5,1
hersomeon,4.5,4.5,4.5,1
oven,4.5,4.5,4.5,1
gentl,4.5,4.5,4.5,1
fit,4.5,4.5,4.5,1
spoken,4.5,4.5,4.5,1
offic,4.5,4.5,4.5,1
persist,4.5,4.5,4.5,1
hidden,4.5,4.5,4.5,1
easier,4.5,4.5,4.5,1
split,4.5,4.5,4.5,1
then,4.5,4.5,4.5,1
anim,4.5,4.5,4.5,1
recours,4.5,4.5,4.5,1
thee,4.5,4.5,4.5,1
break,4.5,4.5,4.5,1
band,4.5,4.5,4.5,1
bang,4.5,4.5,4.5,1
promis,4.5,4.5,4.5,1
they,4.5,4.5,4.5,1
sixteen,4.5,4.5,4.5,1
silver,4.5,4.5,4.5,1
bank,4.5,4.5,4.5,1
bread,4.5,4.5,4.5,1
choic,4.5,4.5,4.5,1
meat,4.5,4.5,4.5,1
windowbar,4.5,4.5,4.5,1
roast,4.5,4.5,4.5,1
oblig,4.5,4.5,4.5,1
meal,4.5,4.5,4.5,1
bone,4.5,4.5,4.5,1
luck,4.5,4.5,4.5,1
enorm,4.5,4.5,4.5,1
forgot,4.5,4.5,4.5,1
commiss,4.5,4.5,4.5,1
ring,4.5,4.5,4.5,1
whip,4.5,4.5,4.5,1
velvet,4.5,4.5,4.5,1
newli,4.5,4.5,4.5,1
content,4.5,4.5,4.5,1
laid,4.5,4.5,4.5,1
lain,4.5,4.5,4.5,1
forti,4.5,4.5,4.5,1
situat,4.5,4.5,4.5,1
bestow,4.5,4.5,4.5,1
whereupon,4.5,4.5,4.5,1
mistress,4.5,4.5,4.5,1
ate,4.5,4.5,4.5,1
newmarri,4.5,4.5,4.5,1
puzzl,4.5,4.5,4.5,1
steward,4.5,4.5,4.5,1
flown,4.5,4.5,4.5,1
sprig,4.5,4.5,4.5,1
unabl,4.5,4.5,4.5,1
loud,4.5,4.5,4.5,1
caught,4.5,4.5,4.5,1
rang,4.5,4.5,4.5,1
noisetap,4.5,4.5,4.5,1
rank,4.5,4.5,4.5,1
necess,4.5,4.5,4.5,1
hook,4.5,4.5,4.5,1
naughti,4.5,4.5,4.5,1
thick,4.5,4.5,4.5,1
agre,4.5,4.5,4.5,1
dwelt,4.5,4.5,4.5,1
acquaint,4.5,4.5,4.5,1
top,4.5,4.5,4.5,1
tangl,4.5,4.5,4.5,1
shiver,4.5,4.5,4.5,1
master,4.5,4.5,4.5,1
tom,4.5,4.5,4.5,1
bethought,4.5,4.5,4.5,1
bitter,4.5,4.5,4.5,1
listen,4.5,4.5,4.5,1
murder,4.5,4.5,4.5,1
trueheart,4.5,4.5,4.5,1
happili,4.5,4.5,4.5,1
crawl,4.5,4.5,4.5,1
soonest,4.5,4.5,4.5,1
matter,4.5,4.5,4.5,1
anxieti,4.5,4.5,4.5,1
flame,4.5,4.5,4.5,1
minut,4.5,4.5,4.5,1
ran,4.5,4.5,4.5,1
pass,4.5,4.5,4.5,1
reassur,4.5,4.5,4.5,1
seek,4.5,4.5,4.5,1
unfasten,4.5,4.5,4.5,1
dozen,4.5,4.5,4.5,1
strength,4.5,4.5,4.5,1
luxuri,4.5,4.5,4.5,1
laden,4.5,4.5,4.5,1
uncouth,4.5,4.5,4.5,1
chest,4.5,4.5,4.5,1
overtook,4.5,4.5,4.5,1
whenc,4.5,4.5,4.5,1
thoma,4.5,4.5,4.5,1
maiden,4.5,4.5,4.5,1
though,4.5,4.5,4.5,1
mouth,4.5,4.5,4.5,1
snatch,4.5,4.5,4.5,1
the,4.5,4.5,4.5,1
grave,4.5,4.5,4.5,1
sorcer,4.5,4.5,4.5,1
excus,4.5,4.5,4.5,1
alarm,4.5,4.5,4.5,1
flow,4.5,4.5,4.5,1
hospit,4.5,4.5,4.5,1
slipknot,4.5,4.5,4.5,1
declar,4.5,4.5,4.5,1
marvel,4.5,4.5,4.5,1
chariot,4.5,4.5,4.5,1
hunger,4.5,4.5,4.5,1
alight,4.5,4.5,4.5,1
travelingtrunk,4.5,4.5,4.5,1
queer,4.5,4.5,4.5,1
spite,4.5,4.5,4.5,1
forestth,4.5,4.5,4.5,1
hoars,4.5,4.5,4.5,1
proclam,4.5,4.5,4.5,1
bush,4.5,4.5,4.5,1
busi,4.5,4.5,4.5,1
deepest,4.5,4.5,4.5,1
rich,4.5,4.5,4.5,1
mend,4.5,4.5,4.5,1
plate,4.5,4.5,4.5,1
stop,4.5,4.5,4.5,1
weari,4.5,4.5,4.5,1
foremost,4.5,4.5,4.5,1
pocket,4.5,4.5,4.5,1
headlong,4.5,4.5,4.5,1
earn,4.5,4.5,4.5,1
sauc,4.5,4.5,4.5,1
bag,4.5,4.5,4.5,1
bad,4.5,4.5,4.5,1
stead,4.5,4.5,4.5,1
lookingglass,4.5,4.5,4.5,1
hasten,4.5,4.5,4.5,1
steal,4.5,4.5,4.5,1
blew,4.5,4.5,4.5,1
fair,4.5,4.5,4.5,1
nut,4.5,4.5,4.5,1
richer,4.5,4.5,4.5,1
goodnight,4.5,4.5,4.5,1
mopsey,4.5,4.5,4.5,1
result,4.5,4.5,4.5,1
fail,4.5,4.5,4.5,1
fain,4.5,4.5,4.5,1
awar,4.5,4.5,4.5,1
grumbl,4.5,4.5,4.5,1
discoveri,4.5,4.5,4.5,1
figur,4.5,4.5,4.5,1
simplest,4.5,4.5,4.5,1
awak,4.5,4.5,4.5,1
drawn,4.5,4.5,4.5,1
approach,4.5,4.5,4.5,1
attribut,4.5,4.5,4.5,1
accord,4.5,4.5,4.5,1
men,4.5,4.5,4.5,1
newlycoin,4.5,4.5,4.5,1
welldeserv,4.5,4.5,4.5,1
weav,4.5,4.5,4.5,1
devour,4.5,4.5,4.5,1
here,4.5,4.5,4.5,1
unfold,4.5,4.5,4.5,1
natur,4.5,4.5,4.5,1
kitchen,4.5,4.5,4.5,1
howev,4.5,4.5,4.5,1
piti,4.5,4.5,4.5,1
countri,4.5,4.5,4.5,1
assur,4.5,4.5,4.5,1
tone,4.5,4.5,4.5,1
fifti,4.5,4.5,4.5,1
vain,4.5,4.5,4.5,1
beefeat,4.5,4.5,4.5,1
guid,4.5,4.5,4.5,1
speak,4.5,4.5,4.5,1
wedg,4.5,4.5,4.5,1
accustom,4.5,4.5,4.5,1
reveng,4.5,4.5,4.5,1
beef,4.5,4.5,4.5,1
dreg,4.5,4.5,4.5,1
basin,4.5,4.5,4.5,1
chaffinch,4.5,4.5,4.5,1
hesit,4.5,4.5,4.5,1
threw,4.5,4.5,4.5,1
deeper,4.5,4.5,4.5,1
spit,4.5,4.5,4.5,1
unpunish,4.5,4.5,4.5,1
lift,4.5,4.5,4.5,1
dote,4.5,4.5,4.5,1
catch,4.5,4.5,4.5,1
spin,4.5,4.5,4.5,1
ugli,4.5,4.5,4.5,1
servic,4.5,4.5,4.5,1
lessen,4.5,4.5,4.5,1
aim,4.5,4.5,4.5,1
ail,4.5,4.5,4.5,1
neat,4.5,4.5,4.5,1
occas,4.5,4.5,4.5,1
is,4.5,4.5,4.5,1
tress,4.5,4.5,4.5,1
it,4.5,4.5,4.5,1
shame,4.5,4.5,4.5,1
eighteen,4.5,4.5,4.5,1
im,4.5,4.5,4.5,1
in,4.5,4.5,4.5,1
id,4.5,4.5,4.5,1
disappear,4.5,4.5,4.5,1
if,4.5,4.5,4.5,1
grown,4.5,4.5,4.5,1
growl,4.5,4.5,4.5,1
rosetre,4.5,4.5,4.5,1
belli,4.5,4.5,4.5,1
receiv,4.5,4.5,4.5,1
make,4.5,4.5,4.5,1
wound,4.5,4.5,4.5,1
myrtl,4.5,4.5,4.5,1
dazzl,4.5,4.5,4.5,1
pinafor,4.5,4.5,4.5,1
descend,4.5,4.5,4.5,1
complet,4.5,4.5,4.5,1
wheel,4.5,4.5,4.5,1
evid,4.5,4.5,4.5,1
welsh,4.5,4.5,4.5,1
hang,4.5,4.5,4.5,1
greedili,4.5,4.5,4.5,1
rais,4.5,4.5,4.5,1
supper,4.5,4.5,4.5,1
kid,4.5,4.5,4.5,1
nibbl,4.5,4.5,4.5,1
hearth,4.5,4.5,4.5,1
dismount,4.5,4.5,4.5,1
mamma,4.5,4.5,4.5,1
greatest,4.5,4.5,4.5,1
thi,4.5,4.5,4.5,1
everyth,4.5,4.5,4.5,1
chandeli,4.5,4.5,4.5,1
left,4.5,4.5,4.5,1
indign,4.5,4.5,4.5,1
just,4.5,4.5,4.5,1
aveng,4.5,4.5,4.5,1
thumbi,4.5,4.5,4.5,1
human,4.5,4.5,4.5,1
yes,4.5,4.5,4.5,1
sleepi,4.5,4.5,4.5,1
bit,4.5,4.5,4.5,1
ham,4.5,4.5,4.5,1
ell,4.5,4.5,4.5,1
dearer,4.5,4.5,4.5,1
royal,4.5,4.5,4.5,1
unawar,4.5,4.5,4.5,1
shout,4.5,4.5,4.5,1
spread,4.5,4.5,4.5,1
endur,4.5,4.5,4.5,1
conjur,4.5,4.5,4.5,1
har,4.5,4.5,4.5,1
gave,4.5,4.5,4.5,1
leagu,4.5,4.5,4.5,1
birth,4.5,4.5,4.5,1
burnt,4.5,4.5,4.5,1
retreat,4.5,4.5,4.5,1
apart,4.5,4.5,4.5,1
shoulder,4.5,4.5,4.5,1
avenu,4.5,4.5,4.5,1
hunt,4.5,4.5,4.5,1
remind,4.5,4.5,4.5,1
splendor,4.5,4.5,4.5,1
night,4.5,4.5,4.5,1
hung,4.5,4.5,4.5,1
amor,4.5,4.5,4.5,1
deal,4.5,4.5,4.5,1
born,4.5,4.5,4.5,1
stepmoth,4.5,4.5,4.5,1
dear,4.5,4.5,4.5,1
bore,4.5,4.5,4.5,1
creep,4.5,4.5,4.5,1
pail,4.5,4.5,4.5,1
for,4.5,4.5,4.5,1
bottom,4.5,4.5,4.5,1
distrust,4.5,4.5,4.5,1
eleph,4.5,4.5,4.5,1
condit,4.5,4.5,4.5,1
creatur,4.5,4.5,4.5,1
hazel,4.5,4.5,4.5,1
post,4.5,4.5,4.5,1
buri,4.5,4.5,4.5,1
galleri,4.5,4.5,4.5,1
bolt,4.5,4.5,4.5,1
heavenborn,4.5,4.5,4.5,1
describ,4.5,4.5,4.5,1
wept,4.5,4.5,4.5,1
foolish,4.5,4.5,4.5,1
conceal,4.5,4.5,4.5,1
gaze,4.5,4.5,4.5,1
coral,4.5,4.5,4.5,1
choke,4.5,4.5,4.5,1
surround,4.5,4.5,4.5,1
unfortun,4.5,4.5,4.5,1
despair,4.5,4.5,4.5,1
own,4.5,4.5,4.5,1
bandag,4.5,4.5,4.5,1
duke,4.5,4.5,4.5,1
faint,4.5,4.5,4.5,1
civil,4.5,4.5,4.5,1
contriv,4.5,4.5,4.5,1
bound,4.5,4.5,4.5,1
cauldron,4.5,4.5,4.5,1
curios,4.5,4.5,4.5,1
pair,4.5,4.5,4.5,1
wrap,4.5,4.5,4.5,1
opportun,4.5,4.5,4.5,1
crowd,4.5,4.5,4.5,1
mouseholeand,4.5,4.5,4.5,1
support,4.5,4.5,4.5,1
transform,4.5,4.5,4.5,1
happi,4.5,4.5,4.5,1
avail,4.5,4.5,4.5,1
way,4.5,4.5,4.5,1
wax,4.5,4.5,4.5,1
naught,4.5,4.5,4.5,1
was,4.5,4.5,4.5,1
head,4.5,4.5,4.5,1
form,4.5,4.5,4.5,1
offer,4.5,4.5,4.5,1
altogeth,4.5,4.5,4.5,1
recommend,4.5,4.5,4.5,1
back,4.5,4.5,4.5,1
heat,4.5,4.5,4.5,1
hear,4.5,4.5,4.5,1
outdon,4.5,4.5,4.5,1
heap,4.5,4.5,4.5,1
true,4.5,4.5,4.5,1
appledumpl,4.5,4.5,4.5,1
counsel,4.5,4.5,4.5,1
understood,4.5,4.5,4.5,1
spun,4.5,4.5,4.5,1
utmost,4.5,4.5,4.5,1
bargain,4.5,4.5,4.5,1
absenc,4.5,4.5,4.5,1
sampl,4.5,4.5,4.5,1
latch,4.5,4.5,4.5,1
temper,4.5,4.5,4.5,1
dunghil,4.5,4.5,4.5,1
toss,4.5,4.5,4.5,1
prayer,4.5,4.5,4.5,1
furi,4.5,4.5,4.5,1
quantiti,4.5,4.5,4.5,1
inde,4.5,4.5,4.5,1
smelt,4.5,4.5,4.5,1
no,4.5,4.5,4.5,1
excel,4.5,4.5,4.5,1
tis,4.5,4.5,4.5,1
talklittl,4.5,4.5,4.5,1
tie,4.5,4.5,4.5,1
appetit,4.5,4.5,4.5,1
frolic,4.5,4.5,4.5,1
smell,4.5,4.5,4.5,1
roll,4.5,4.5,4.5,1
realiti,4.5,4.5,4.5,1
tame,4.5,4.5,4.5,1
woodman,4.5,4.5,4.5,1
intend,4.5,4.5,4.5,1
toad,4.5,4.5,4.5,1
felt,4.5,4.5,4.5,1
lackaday,4.5,4.5,4.5,1
journey,4.5,4.5,4.5,1
intent,4.5,4.5,4.5,1
reign,4.5,4.5,4.5,1
consid,4.5,4.5,4.5,1
younger,4.5,4.5,4.5,1
longer,4.5,4.5,4.5,1
withhold,4.5,4.5,4.5,1
teeth,4.5,4.5,4.5,1
push,4.5,4.5,4.5,1
fasten,4.5,4.5,4.5,1
daili,4.5,4.5,4.5,1
gown,4.5,4.5,4.5,1
coach,4.5,4.5,4.5,1
expedit,4.5,4.5,4.5,1
chain,4.5,4.5,4.5,1
whoever,4.5,4.5,4.5,1
rob,4.5,4.5,4.5,1
roc,4.5,4.5,4.5,1
eldest,4.5,4.5,4.5,1
invent,4.5,4.5,4.5,1
horseback,4.5,4.5,4.5,1
snip,4.5,4.5,4.5,1
skin,4.5,4.5,4.5,1
mill,4.5,4.5,4.5,1
midst,4.5,4.5,4.5,1
decid,4.5,4.5,4.5,1
middl,4.5,4.5,4.5,1
godless,4.5,4.5,4.5,1
swoon,4.5,4.5,4.5,1
daintili,4.5,4.5,4.5,1
vex,4.5,4.5,4.5,1
ogreish,4.5,4.5,4.5,1
terror,4.5,4.5,4.5,1
splutter,4.5,4.5,4.5,1
brown,4.5,4.5,4.5,1
gloomi,4.5,4.5,4.5,1
mourn,4.5,4.5,4.5,1
word,4.5,4.5,4.5,1
blast,4.5,4.5,4.5,1
pious,4.5,4.5,4.5,1
cool,4.5,4.5,4.5,1
dim,4.5,4.5,4.5,1
tear,4.5,4.5,4.5,1
die,4.5,4.5,4.5,1
reconcil,4.5,4.5,4.5,1
audiencechamb,4.5,4.5,4.5,1
round,4.5,4.5,4.5,1
prevent,4.5,4.5,4.5,1
regret,4.5,4.5,4.5,1
sigh,4.5,4.5,4.5,1
bedcloth,4.5,4.5,4.5,1
sign,4.5,4.5,4.5,1
cost,4.5,4.5,4.5,1
pierc,4.5,4.5,4.5,1
port,4.5,4.5,4.5,1
cargo,4.5,4.5,4.5,1
appear,4.5,4.5,4.5,1
repli,4.5,4.5,4.5,1
melt,4.5,4.5,4.5,1
suspect,4.5,4.5,4.5,1
trot,4.5,4.5,4.5,1
tapplash,4.5,4.5,4.5,1
dwarf,4.5,4.5,4.5,1
nearer,4.5,4.5,4.5,1
clerk,4.5,4.5,4.5,1
satisfi,4.5,4.5,4.5,1
entertain,4.5,4.5,4.5,1
witch,4.5,4.5,4.5,1
address,4.5,4.5,4.5,1
deceiv,4.5,4.5,4.5,1
wait,4.5,4.5,4.5,1
box,4.5,4.5,4.5,1
merriment,4.5,4.5,4.5,1
stair,4.5,4.5,4.5,1
boast,4.5,4.5,4.5,1
invit,4.5,4.5,4.5,1
brilliant,4.5,4.5,4.5,1
my,4.5,4.5,4.5,1
bow,4.5,4.5,4.5,1
healthi,4.5,4.5,4.5,1
extrem,4.5,4.5,4.5,1
homeward,4.5,4.5,4.5,1
hither,4.5,4.5,4.5,1
rambl,4.5,4.5,4.5,1
prefer,4.5,4.5,4.5,1
peep,4.5,4.5,4.5,1
wealth,4.5,4.5,4.5,1
prove,4.5,4.5,4.5,1
sake,4.5,4.5,4.5,1
saddl,4.5,4.5,4.5,1
visit,4.5,4.5,4.5,1
live,4.5,4.5,4.5,1
prey,4.5,4.5,4.5,1
dismay,4.5,4.5,4.5,1
capit,4.5,4.5,4.5,1
club,4.5,4.5,4.5,1
share,4.5,4.5,4.5,1
odious,4.5,4.5,4.5,1
dismal,4.5,4.5,4.5,1
ventur,4.5,4.5,4.5,1
effort,4.5,4.5,4.5,1
ferri,4.5,4.5,4.5,1
prepar,4.5,4.5,4.5,1
pretend,4.5,4.5,4.5,1
judg,4.5,4.5,4.5,1
fli,4.5,4.5,4.5,1
woodax,4.5,4.5,4.5,1
can,4.5,4.5,4.5,1
purpos,4.5,4.5,4.5,1
nearest,4.5,4.5,4.5,1
favourit,4.5,4.5,4.5,1
stream,4.5,4.5,4.5,1
predict,4.5,4.5,4.5,1
heard,4.5,4.5,4.5,1
stroke,4.5,4.5,4.5,1
grassi,4.5,4.5,4.5,1
council,4.5,4.5,4.5,1
purs,4.5,4.5,4.5,1
winter,4.5,4.5,4.5,1
pine,4.5,4.5,4.5,1
alway,4.5,4.5,4.5,1
illluck,4.5,4.5,4.5,1
fourth,4.5,4.5,4.5,1
may,4.5,4.5,4.5,1
dive,4.5,4.5,4.5,1
spot,4.5,4.5,4.5,1
bawl,4.5,4.5,4.5,1
bear,4.5,4.5,4.5,1
hob,4.5,4.5,4.5,1
grow,4.5,4.5,4.5,1
sluggard,4.5,4.5,4.5,1
neck,4.5,4.5,4.5,1
st,4.5,4.5,4.5,1
tale,4.5,4.5,4.5,1
inform,4.5,4.5,4.5,1
so,4.5,4.5,4.5,1
crept,4.5,4.5,4.5,1
african,4.5,4.5,4.5,1
talk,4.5,4.5,4.5,1
footstep,4.5,4.5,4.5,1
midnight,4.5,4.5,4.5,1
brain,4.5,4.5,4.5,1
aha,4.5,4.5,4.5,1
bedchamb,4.5,4.5,4.5,1
shake,4.5,4.5,4.5,1
braid,4.5,4.5,4.5,1
tore,4.5,4.5,4.5,1
sprinkl,4.5,4.5,4.5,1
thank,4.5,4.5,4.5,1
torn,4.5,4.5,4.5,1
maid,4.5,4.5,4.5,1
spacious,4.5,4.5,4.5,1
apron,4.5,4.5,4.5,1
nod,4.5,4.5,4.5,1
sooner,4.5,4.5,4.5,1
not,4.5,4.5,4.5,1
now,4.5,4.5,4.5,1
hall,4.5,4.5,4.5,1
possess,4.5,4.5,4.5,1
plung,4.5,4.5,4.5,1
servant,4.5,4.5,4.5,1
clutch,4.5,4.5,4.5,1
drop,4.5,4.5,4.5,1
separ,4.5,4.5,4.5,1
peasant,4.5,4.5,4.5,1
careless,4.5,4.5,4.5,1
quarter,4.5,4.5,4.5,1
courag,4.5,4.5,4.5,1
gape,4.5,4.5,4.5,1
torch,4.5,4.5,4.5,1
continu,4.5,4.5,4.5,1
year,4.5,4.5,4.5,1
happen,4.5,4.5,4.5,1
neighbourhood,4.5,4.5,4.5,1
accomplish,4.5,4.5,4.5,1
uncl,4.5,4.5,4.5,1
ruinous,4.5,4.5,4.5,1
hastili,4.5,4.5,4.5,1
earlier,4.5,4.5,4.5,1
monster,4.5,4.5,4.5,1
state,4.5,4.5,4.5,1
cart,4.5,4.5,4.5,1
care,4.5,4.5,4.5,1
departur,4.5,4.5,4.5,1
unwil,4.5,4.5,4.5,1
refus,4.5,4.5,4.5,1
recov,4.5,4.5,4.5,1
turn,4.5,4.5,4.5,1
place,4.5,4.5,4.5,1
byandbi,4.5,4.5,4.5,1
view,4.5,4.5,4.5,1
imposs,4.5,4.5,4.5,1
merrili,4.5,4.5,4.5,1
carri,4.5,4.5,4.5,1
onc,4.5,4.5,4.5,1
one,4.5,4.5,4.5,1
fast,4.5,4.5,4.5,1
array,4.5,4.5,4.5,1
drove,4.5,4.5,4.5,1
open,4.5,4.5,4.5,1
tomorrow,4.5,4.5,4.5,1
size,4.5,4.5,4.5,1
sheep,4.5,4.5,4.5,1
sheer,4.5,4.5,4.5,1
fieri,4.5,4.5,4.5,1
bite,4.5,4.5,4.5,1
slept,4.5,4.5,4.5,1
fierc,4.5,4.5,4.5,1
flutter,4.5,4.5,4.5,1
silenc,4.5,4.5,4.5,1
necessarili,4.5,4.5,4.5,1
crevic,4.5,4.5,4.5,1
thaw,4.5,4.5,4.5,1
that,4.5,4.5,4.5,1
eagl,4.5,4.5,4.5,1
cops,4.5,4.5,4.5,1
hur,4.5,4.5,4.5,1
greenwood,4.5,4.5,4.5,1
serv,4.5,4.5,4.5,1
bewitch,4.5,4.5,4.5,1
remembr,4.5,4.5,4.5,1
almon,4.5,4.5,4.5,1
stammer,4.5,4.5,4.5,1
folli,4.5,4.5,4.5,1
crackl,4.5,4.5,4.5,1
and,4.5,4.5,4.5,1
pri,4.5,4.5,4.5,1
dash,4.5,4.5,4.5,1
say,4.5,4.5,4.5,1
deliv,4.5,4.5,4.5,1
breakfast,4.5,4.5,4.5,1
sat,4.5,4.5,4.5,1
clung,4.5,4.5,4.5,1
advic,4.5,4.5,4.5,1
knead,4.5,4.5,4.5,1
forc,4.5,4.5,4.5,1
wretch,4.5,4.5,4.5,1
take,4.5,4.5,4.5,1
massi,4.5,4.5,4.5,1
noth,4.5,4.5,4.5,1
begin,4.5,4.5,4.5,1
sure,4.5,4.5,4.5,1
trace,4.5,4.5,4.5,1
track,4.5,4.5,4.5,1
price,4.5,4.5,4.5,1
knew,4.5,4.5,4.5,1
statu,4.5,4.5,4.5,1
paid,4.5,4.5,4.5,1
butterfli,4.5,4.5,4.5,1
aloud,4.5,4.5,4.5,1
clatter,4.5,4.5,4.5,1
knee,4.5,4.5,4.5,1
bearskin,4.5,4.5,4.5,1
napkin,4.5,4.5,4.5,1
wouldst,4.5,4.5,4.5,1
bade,4.5,4.5,4.5,1
axe,4.5,4.5,4.5,1
salt,4.5,4.5,4.5,1
scyth,4.5,4.5,4.5,1
shop,4.5,4.5,4.5,1
perch,4.5,4.5,4.5,1
grandmamma,4.5,4.5,4.5,1
show,4.5,4.5,4.5,1
cheat,4.5,4.5,4.5,1
shoe,4.5,4.5,4.5,1
permiss,4.5,4.5,4.5,1
threshold,4.5,4.5,4.5,1
unfinish,4.5,4.5,4.5,1
ground,4.5,4.5,4.5,1
onli,4.5,4.5,4.5,1
gnaw,4.5,4.5,4.5,1
unkind,4.5,4.5,4.5,1
fenc,4.5,4.5,4.5,1
plume,4.5,4.5,4.5,1
innoc,4.5,4.5,4.5,1
distaff,4.5,4.5,4.5,1
lean,4.5,4.5,4.5,1
gulp,4.5,4.5,4.5,1
wood,4.5,4.5,4.5,1
consent,4.5,4.5,4.5,1
shrill,4.5,4.5,4.5,1
plump,4.5,4.5,4.5,1
get,4.5,4.5,4.5,1
nobl,4.5,4.5,4.5,1
tailor,4.5,4.5,4.5,1
lighter,4.5,4.5,4.5,1
trade,4.5,4.5,4.5,1
yield,4.5,4.5,4.5,1
twelv,4.5,4.5,4.5,1
where,4.5,4.5,4.5,1
husband,4.5,4.5,4.5,1
pane,4.5,4.5,4.5,1
burst,4.5,4.5,4.5,1
nowodd,4.5,4.5,4.5,1
asleep,4.5,4.5,4.5,1
concern,4.5,4.5,4.5,1
ornament,4.5,4.5,4.5,1
estat,4.5,4.5,4.5,1
complexion,4.5,4.5,4.5,1
fearless,4.5,4.5,4.5,1
bedtim,4.5,4.5,4.5,1
pitiless,4.5,4.5,4.5,1
thunderstruck,4.5,4.5,4.5,1
prettiest,4.5,4.5,4.5,1
dome,4.5,4.5,4.5,1
pluck,4.5,4.5,4.5,1
blame,4.5,4.5,4.5,1
spare,4.5,4.5,4.5,1
beguil,4.5,4.5,4.5,1
broil,4.5,4.5,4.5,1
tub,4.5,4.5,4.5,1
comb,4.5,4.5,4.5,1
come,4.5,4.5,4.5,1
tug,4.5,4.5,4.5,1
berri,4.5,4.5,4.5,1
tuck,4.5,4.5,4.5,1
retir,4.5,4.5,4.5,1
pray,4.5,4.5,4.5,1
roof,4.5,4.5,4.5,1
gaieti,4.5,4.5,4.5,1
grasshopp,4.5,4.5,4.5,1
pot,4.5,4.5,4.5,1
insist,4.5,4.5,4.5,1
duti,4.5,4.5,4.5,1
twin,4.5,4.5,4.5,1
sulki,4.5,4.5,4.5,1
precious,4.5,4.5,4.5,1
late,4.5,4.5,4.5,1
stretch,4.5,4.5,4.5,1
breath,4.5,4.5,4.5,1
overjoy,4.5,4.5,4.5,1
acri,4.5,4.5,4.5,1
bedsid,4.5,4.5,4.5,1
snailshel,4.5,4.5,4.5,1
plasha,4.5,4.5,4.5,1
thousand,4.5,4.5,4.5,1
resolut,4.5,4.5,4.5,1
rubi,4.5,4.5,4.5,1
goodmorn,4.5,4.5,4.5,1
wake,4.5,4.5,4.5,1
roguish,4.5,4.5,4.5,1
impati,4.5,4.5,4.5,1
longlov,4.5,4.5,4.5,1
those,4.5,4.5,4.5,1
case,4.5,4.5,4.5,1
slipperi,4.5,4.5,4.5,1
these,4.5,4.5,4.5,1
mount,4.5,4.5,4.5,1
trick,4.5,4.5,4.5,1
cast,4.5,4.5,4.5,1
shall,4.5,4.5,4.5,1
ive,4.5,4.5,4.5,1
worri,4.5,4.5,4.5,1
destin,4.5,4.5,4.5,1
sudden,4.5,4.5,4.5,1
unmerci,4.5,4.5,4.5,1
harsh,4.5,4.5,4.5,1
paw,4.5,4.5,4.5,1
pay,4.5,4.5,4.5,1
gentlemen,4.5,4.5,4.5,1
fatima,4.5,4.5,4.5,1
speech,4.5,4.5,4.5,1
grain,4.5,4.5,4.5,1
hermit,4.5,4.5,4.5,1
week,4.5,4.5,4.5,1
exhaust,4.5,4.5,4.5,1
finish,4.5,4.5,4.5,1
nest,4.5,4.5,4.5,1
companion,4.5,4.5,4.5,1
driven,4.5,4.5,4.5,1
disguis,4.5,4.5,4.5,1
unhandi,4.5,4.5,4.5,1
weep,4.5,4.5,4.5,1
handsom,4.5,4.5,4.5,1
drain,4.5,4.5,4.5,1
floor,4.5,4.5,4.5,1
know,4.5,4.5,4.5,1
clod,4.5,4.5,4.5,1
summer,4.5,4.5,4.5,1
clog,4.5,4.5,4.5,1
violenc,4.5,4.5,4.5,1
execut,4.5,4.5,4.5,1
when,4.5,4.5,4.5,1
rest,4.5,4.5,4.5,1
kill,4.5,4.5,4.5,1
touch,4.5,4.5,4.5,1
polish,4.5,4.5,4.5,1
blow,4.5,4.5,4.5,1
sprang,4.5,4.5,4.5,1
rosi,4.5,4.5,4.5,1
hint,4.5,4.5,4.5,1
rose,4.5,4.5,4.5,1
senseless,4.5,4.5,4.5,1
parlor,4.5,4.5,4.5,1
littl,4.5,4.5,4.5,1
instrument,4.5,4.5,4.5,1
pile,4.5,4.5,4.5,1
overthrow,4.5,4.5,4.5,1
struck,4.5,4.5,4.5,1
heavier,4.5,4.5,4.5,1
earli,4.5,4.5,4.5,1
hover,4.5,4.5,4.5,1
rejoic,4.5,4.5,4.5,1
read,4.5,4.5,4.5,1
ladi,4.5,4.5,4.5,1
dart,4.5,4.5,4.5,1
earnest,4.5,4.5,4.5,1
snarl,4.5,4.5,4.5,1
dispatch,4.5,4.5,4.5,1
awok,4.5,4.5,4.5,1
grim,4.5,4.5,4.5,1
dare,4.5,4.5,4.5,1
snore,4.5,4.5,4.5,1
robberi,4.5,4.5,4.5,1
bracelet,4.5,4.5,4.5,1
shutter,4.5,4.5,4.5,1
chamber,4.5,4.5,4.5,1
stretchedout,4.5,4.5,4.5,1
nose,4.5,4.5,4.5,1
manag,4.5,4.5,4.5,1
clap,4.5,4.5,4.5,1
fulfil,4.5,4.5,4.5,1
cornwal,4.5,4.5,4.5,1
ascend,4.5,4.5,4.5,1
fourandtwenti,4.5,4.5,4.5,1
dole,4.5,4.5,4.5,1
hastypud,4.5,4.5,4.5,1
easili,4.5,4.5,4.5,1
noon,4.5,4.5,4.5,1
unluckili,4.5,4.5,4.5,1
moon,4.5,4.5,4.5,1
freed,4.5,4.5,4.5,1
uneasi,4.5,4.5,4.5,1
sixth,4.5,4.5,4.5,1
gratitud,4.5,4.5,4.5,1
sprung,4.5,4.5,4.5,1
throw,4.5,4.5,4.5,1
on,4.5,4.5,4.5,1
stone,4.5,4.5,4.5,1
wolv,4.5,4.5,4.5,1
oh,4.5,4.5,4.5,1
of,4.5,4.5,4.5,1
jeer,4.5,4.5,4.5,1
ach,4.5,4.5,4.5,1
slender,4.5,4.5,4.5,1
side,4.5,4.5,4.5,1
fell,4.5,4.5,4.5,1
wolf,4.5,4.5,4.5,1
parson,4.5,4.5,4.5,1
neighbor,4.5,4.5,4.5,1
act,4.5,4.5,4.5,1
mean,4.5,4.5,4.5,1
road,4.5,4.5,4.5,1
jasper,4.5,4.5,4.5,1
wade,4.5,4.5,4.5,1
your,4.5,4.5,4.5,1
stare,4.5,4.5,4.5,1
log,4.5,4.5,4.5,1
her,4.5,4.5,4.5,1
there,4.5,4.5,4.5,1
start,4.5,4.5,4.5,1
starv,4.5,4.5,4.5,1
lot,4.5,4.5,4.5,1
valley,4.5,4.5,4.5,1
bottl,4.5,4.5,4.5,1
groan,4.5,4.5,4.5,1
cultiv,4.5,4.5,4.5,1
bundl,4.5,4.5,4.5,1
regard,4.5,4.5,4.5,1
godmoth,4.5,4.5,4.5,1
befel,4.5,4.5,4.5,1
curtain,4.5,4.5,4.5,1
with,4.5,4.5,4.5,1
congratul,4.5,4.5,4.5,1
pull,4.5,4.5,4.5,1
rush,4.5,4.5,4.5,1
possibl,4.5,4.5,4.5,1
grasp,4.5,4.5,4.5,1
blackbird,4.5,4.5,4.5,1
expect,4.5,4.5,4.5,1
toilet,4.5,4.5,4.5,1
oxen,4.5,4.5,4.5,1
ad,4.5,4.5,4.5,1
fright,4.5,4.5,4.5,1
ah,4.5,4.5,4.5,1
deer,4.5,4.5,4.5,1
deep,4.5,4.5,4.5,1
fellow,4.5,4.5,4.5,1
as,4.5,4.5,4.5,1
at,4.5,4.5,4.5,1
pickax,4.5,4.5,4.5,1
ay,4.5,4.5,4.5,1
tranquil,4.5,4.5,4.5,1
fill,4.5,4.5,4.5,1
sayest,4.5,4.5,4.5,1
repent,4.5,4.5,4.5,1
thither,4.5,4.5,4.5,1
roser,4.5,4.5,4.5,1
tight,4.5,4.5,4.5,1
housework,4.5,4.5,4.5,1
you,4.5,4.5,4.5,1
poor,4.5,4.5,4.5,1
discours,4.5,4.5,4.5,1
princesss,4.5,4.5,4.5,1
shelter,4.5,4.5,4.5,1
marriag,4.5,4.5,4.5,1
peas,4.5,4.5,4.5,1
unbound,4.5,4.5,4.5,1
brass,4.5,4.5,4.5,1
prudent,4.5,4.5,4.5,1
peac,4.5,4.5,4.5,1
groom,4.5,4.5,4.5,1
castl,4.5,4.5,4.5,1
escap,4.5,4.5,4.5,1
all,4.5,4.5,4.5,1
pheasant,4.5,4.5,4.5,1
consider,4.5,4.5,4.5,1
vile,4.5,4.5,4.5,1
pigeon,4.5,4.5,4.5,1
forbidden,4.5,4.5,4.5,1
wreath,4.5,4.5,4.5,1
ala,4.5,4.5,4.5,1
dish,4.5,4.5,4.5,1
follow,4.5,4.5,4.5,1
merchandis,4.5,4.5,4.5,1
children,4.5,4.5,4.5,1
abid,4.5,4.5,4.5,1
carpet,4.5,4.5,4.5,1
griffin,4.5,4.5,4.5,1
queenmoth,4.5,4.5,4.5,1
to,4.5,4.5,4.5,1
tail,4.5,4.5,4.5,1
smile,4.5,4.5,4.5,1
hideous,4.5,4.5,4.5,1
sound,4.5,4.5,4.5,1
celebr,4.5,4.5,4.5,1
expati,4.5,4.5,4.5,1
fals,4.5,4.5,4.5,1
shelv,4.5,4.5,4.5,1
roe,4.5,4.5,4.5,1
worst,4.5,4.5,4.5,1
veri,4.5,4.5,4.5,1
crumb,4.5,4.5,4.5,1
soften,4.5,4.5,4.5,1
strang,4.5,4.5,4.5,1
duski,4.5,4.5,4.5,1
sang,4.5,4.5,4.5,1
small,4.5,4.5,4.5,1
sank,4.5,4.5,4.5,1
enterpris,4.5,4.5,4.5,1
ten,4.5,4.5,4.5,1
extraordinari,4.5,4.5,4.5,1
amiss,4.5,4.5,4.5,1
rate,4.5,4.5,4.5,1
design,4.5,4.5,4.5,1
resound,4.5,4.5,4.5,1
ribbon,4.5,4.5,4.5,1
excit,4.5,4.5,4.5,1
what,4.5,4.5,4.5,1
stood,4.5,4.5,4.5,1
risen,4.5,4.5,4.5,1
stoop,4.5,4.5,4.5,1
sup,4.5,4.5,4.5,1
deepli,4.5,4.5,4.5,1
movement,4.5,4.5,4.5,1
full,4.5,4.5,4.5,1
faroff,4.5,4.5,4.5,1
goodbi,4.5,4.5,4.5,1
excess,4.5,4.5,4.5,1
hast,4.5,4.5,4.5,1
goodby,4.5,4.5,4.5,1
valu,4.5,4.5,4.5,1
search,4.5,4.5,4.5,1
pick,4.5,4.5,4.5,1
real,4.5,4.5,4.5,1
narrow,4.5,4.5,4.5,1
fatten,4.5,4.5,4.5,1
depart,4.5,4.5,4.5,1
nosegay,4.5,4.5,4.5,1
africa,4.5,4.5,4.5,1
ask,4.5,4.5,4.5,1
snug,4.5,4.5,4.5,1
beheld,4.5,4.5,4.5,1
eye,4.5,4.5,4.5,1
proceed,4.5,4.5,4.5,1
girdl,4.5,4.5,4.5,1
cornic,4.5,4.5,4.5,1
two,4.5,4.5,4.5,1
pearl,4.5,4.5,4.5,1
morn,4.5,4.5,4.5,1
gorgeous,4.5,4.5,4.5,1
flat,4.5,4.5,4.5,1
wretched,4.5,4.5,4.5,1
desir,4.5,4.5,4.5,1
twentyfour,4.5,4.5,4.5,1
tumbl,4.5,4.5,4.5,1
hurri,4.5,4.5,4.5,1
unceas,4.5,4.5,4.5,1
stick,4.5,4.5,4.5,1
broke,4.5,4.5,4.5,1
magnific,4.5,4.5,4.5,1
compani,4.5,4.5,4.5,1
glad,4.5,4.5,4.5,1
town,4.5,4.5,4.5,1
hour,4.5,4.5,4.5,1
hous,4.5,4.5,4.5,1
thickest,4.5,4.5,4.5,1
pigeonhous,4.5,4.5,4.5,1
remain,4.5,4.5,4.5,1
den,4.5,4.5,4.5,1
grope,4.5,4.5,4.5,1
gallop,4.5,4.5,4.5,1
hungarywat,4.5,4.5,4.5,1
accept,4.5,4.5,4.5,1
explor,4.5,4.5,4.5,1
turtledov,4.5,4.5,4.5,1
sharp,4.5,4.5,4.5,1
swung,4.5,4.5,4.5,1
condemn,4.5,4.5,4.5,1
unlucki,4.5,4.5,4.5,1
huge,4.5,4.5,4.5,1
gaffer,4.5,4.5,4.5,1
court,4.5,4.5,4.5,1
divid,4.5,4.5,4.5,1
anoth,4.5,4.5,4.5,1
divin,4.5,4.5,4.5,1
cosili,4.5,4.5,4.5,1
reviv,4.5,4.5,4.5,1
stir,4.5,4.5,4.5,1
needl,4.5,4.5,4.5,1
bleat,4.5,4.5,4.5,1
reflect,4.5,4.5,4.5,1
wellnigh,4.5,4.5,4.5,1
embrac,4.5,4.5,4.5,1
blood,4.5,4.5,4.5,1
inquiri,4.5,4.5,4.5,1
bloom,4.5,4.5,4.5,1
plank,4.5,4.5,4.5,1
a,4.5,4.5,4.5,1
short,4.5,4.5,4.5,1
coat,4.5,4.5,4.5,1
dragon,4.5,4.5,4.5,1
caus,4.5,4.5,4.5,1
hermitag,4.5,4.5,4.5,1
dread,4.5,4.5,4.5,1
shade,4.5,4.5,4.5,1
shadi,4.5,4.5,4.5,1
herso,4.5,4.5,4.5,1
help,4.5,4.5,4.5,1
soon,4.5,4.5,4.5,1
snailshelland,4.5,4.5,4.5,1
held,4.5,4.5,4.5,1
dough,4.5,4.5,4.5,1
brim,4.5,4.5,4.5,1
ontap,4.5,4.5,4.5,1
suffer,4.5,4.5,4.5,1
forthwith,4.5,4.5,4.5,1
sauci,4.5,4.5,4.5,1
astonish,4.5,4.5,4.5,1
pad,4.5,4.5,4.5,1
delici,4.5,4.5,4.5,1
finer,4.5,4.5,4.5,1
fool,4.5,4.5,4.5,1
return,4.5,4.5,4.5,1
musket,4.5,4.5,4.5,1
ye,4.5,4.5,4.5,1
snowflak,4.5,4.5,4.5,1
goos,4.5,4.5,4.5,1
farewel,4.5,4.5,4.5,1
adventur,4.5,4.5,4.5,1
complain,4.5,4.5,4.5,1
bigger,4.5,4.5,4.5,1
feet,4.5,4.5,4.5,1
wash,4.5,4.5,4.5,1
fairi,4.5,4.5,4.5,1
galligantus,4.5,4.5,4.5,1
refresh,4.5,4.5,4.5,1
mysteri,4.5,4.5,4.5,1
did,4.5,4.5,4.5,1
undertak,4.5,4.5,4.5,1
ceas,4.5,4.5,4.5,1
harm,4.5,4.5,4.5,1
inclin,4.5,4.5,4.5,1
hare,4.5,4.5,4.5,1
terrifi,4.5,4.5,4.5,1
heavi,4.5,4.5,4.5,1
oil,4.5,4.5,4.5,1
connect,4.5,4.5,4.5,1
stabl,4.5,4.5,4.5,1
massiv,4.5,4.5,4.5,1
miss,4.5,4.5,4.5,1
robert,4.5,4.5,4.5,1
hurself,4.5,4.5,4.5,1
princ,4.5,4.5,4.5,1
countryman,4.5,4.5,4.5,1
fountain,4.5,4.5,4.5,1
hill,4.5,4.5,4.5,1
shrivel,4.5,4.5,4.5,1
difficulti,4.5,4.5,4.5,1
drink,4.5,4.5,4.5,1
serpent,4.5,4.5,4.5,1
advanc,4.5,4.5,4.5,1
puf,4.5,4.5,4.5,1
pleasant,4.5,4.5,4.5,1
reason,4.5,4.5,4.5,1
believ,4.5,4.5,4.5,1
put,4.5,4.5,4.5,1
ash,4.5,4.5,4.5,1
reproach,4.5,4.5,4.5,1
thrown,4.5,4.5,4.5,1
cymbal,4.5,4.5,4.5,1
thread,4.5,4.5,4.5,1
bridegroom,4.5,4.5,4.5,1
wither,4.5,4.5,4.5,1
threat,4.5,4.5,4.5,1
lifetim,4.5,4.5,4.5,1
fallen,4.5,4.5,4.5,1
feed,4.5,4.5,4.5,1
copper,4.5,4.5,4.5,1
dont,4.5,4.5,4.5,1
upper,4.5,4.5,4.5,1
feel,4.5,4.5,4.5,1
exchang,4.5,4.5,4.5,1
number,4.5,4.5,4.5,1
slipper,4.5,4.5,4.5,1
elder,4.5,4.5,4.5,1
dint,4.5,4.5,4.5,1
horribl,4.5,4.5,4.5,1
glitter,4.5,4.5,4.5,1
fanci,4.5,4.5,4.5,1
meadow,4.5,4.5,4.5,1
guess,4.5,4.5,4.5,1
breathless,4.5,4.5,4.5,1
guest,4.5,4.5,4.5,1
stori,4.5,4.5,4.5,1
precipic,4.5,4.5,4.5,1
twenti,4.5,4.5,4.5,1
unbolt,4.5,4.5,4.5,1
store,4.5,4.5,4.5,1
flatteri,4.5,4.5,4.5,1
park,4.5,4.5,4.5,1
grace,4.5,4.5,4.5,1
b,4.5,4.5,4.5,1
frock,4.5,4.5,4.5,1
ogress,4.5,4.5,4.5,1
lament,4.5,4.5,4.5,1
i,4.5,4.5,4.5,1
asham,4.5,4.5,4.5,1
crabshel,4.5,4.5,4.5,1
bridl,4.5,4.5,4.5,1
arrang,4.5,4.5,4.5,1
toe,4.5,4.5,4.5,1
danc,4.5,4.5,4.5,1
marbl,4.5,4.5,4.5,1
expir,4.5,4.5,4.5,1
nightingal,4.5,4.5,4.5,1
sell,4.5,4.5,4.5,1
imagin,4.5,4.5,4.5,1
built,4.5,4.5,4.5,1
cave,4.5,4.5,4.5,1
couch,4.5,4.5,4.5,1
lit,4.5,4.5,4.5,1
lip,4.5,4.5,4.5,1
build,4.5,4.5,4.5,1
bobbin,4.5,4.5,4.5,1
play,4.5,4.5,4.5,1
gild,4.5,4.5,4.5,1
reach,4.5,4.5,4.5,1
plan,4.5,4.5,4.5,1
eaten,4.5,4.5,4.5,1
amaz,4.5,4.5,4.5,1
clear,4.5,4.5,4.5,1
cover,4.5,4.5,4.5,1
clean,4.5,4.5,4.5,1
weigh,4.5,4.5,4.5,1
skein,4.5,4.5,4.5,1
peartre,4.5,4.5,4.5,1
ugh,4.5,4.5,4.5,1
fond,4.5,4.5,4.5,1
fine,4.5,4.5,4.5,1
find,4.5,4.5,4.5,1
giant,4.5,4.5,4.5,1
staircas,4.5,4.5,4.5,1
queengov,4.5,4.5,4.5,1
ruin,4.5,4.5,4.5,1
firewood,4.5,4.5,4.5,1
fruit,4.5,4.5,4.5,1
his,4.5,4.5,4.5,1
express,4.5,4.5,4.5,1
grew,4.5,4.5,4.5,1
hid,4.5,4.5,4.5,1
longest,4.5,4.5,4.5,1
salut,4.5,4.5,4.5,1
chimney,4.5,4.5,4.5,1
think,4.5,4.5,4.5,1
proclaim,4.5,4.5,4.5,1
common,4.5,4.5,4.5,1
cri,4.5,4.5,4.5,1
courteous,4.5,4.5,4.5,1
set,4.5,4.5,4.5,1
barefac,4.5,4.5,4.5,1
gothel,4.5,4.5,4.5,1
see,4.5,4.5,4.5,1
are,4.5,4.5,4.5,1
sea,4.5,4.5,4.5,1
portrait,4.5,4.5,4.5,1
outward,4.5,4.5,4.5,1
barn,4.5,4.5,4.5,1
merci,4.5,4.5,4.5,1
grandmoth,4.5,4.5,4.5,1
won,4.5,4.5,4.5,1
kneel,4.5,4.5,4.5,1
numer,4.5,4.5,4.5,1
sold,4.5,4.5,4.5,1
sole,4.5,4.5,4.5,1
pirat,4.5,4.5,4.5,1
succeed,4.5,4.5,4.5,1
hairi,4.5,4.5,4.5,1
last,4.5,4.5,4.5,1
sultan,4.5,4.5,4.5,1
thou,4.5,4.5,4.5,1
whosoev,4.5,4.5,4.5,1
nightfal,4.5,4.5,4.5,1
matakin,4.5,4.5,4.5,1
afar,4.5,4.5,4.5,1
load,4.5,4.5,4.5,1
loaf,4.5,4.5,4.5,1
onward,4.5,4.5,4.5,1
distress,4.5,4.5,4.5,1
bell,4.5,4.5,4.5,1
sweet,4.5,4.5,4.5,1
hollow,4.5,4.5,4.5,1
provok,4.5,4.5,4.5,1
majesti,4.5,4.5,4.5,1
bridg,4.5,4.5,4.5,1
forgiv,4.5,4.5,4.5,1
empti,4.5,4.5,4.5,1
whos,4.5,4.5,4.5,1
secret,4.5,4.5,4.5,1
threaten,4.5,4.5,4.5,1
woke,4.5,4.5,4.5,1
woodcutt,4.5,4.5,4.5,1
firm,4.5,4.5,4.5,1
invis,4.5,4.5,4.5,1
flight,4.5,4.5,4.5,1
gay,4.5,4.5,4.5,1
imag,4.5,4.5,4.5,1
hind,4.5,4.5,4.5,1
great,4.5,4.5,4.5,1
understand,4.5,4.5,4.5,1
demand,4.5,4.5,4.5,1
cruelti,4.5,4.5,4.5,1
furrow,4.5,4.5,4.5,1
stolen,4.5,4.5,4.5,1
abod,4.5,4.5,4.5,1
look,4.5,4.5,4.5,1
frozen,4.5,4.5,4.5,1
straight,4.5,4.5,4.5,1
ingratitud,4.5,4.5,4.5,1
rope,4.5,4.5,4.5,1
pace,4.5,4.5,4.5,1
while,4.5,4.5,4.5,1
everyon,4.5,4.5,4.5,1
pack,4.5,4.5,4.5,1
kingdom,4.5,4.5,4.5,1
accurs,4.5,4.5,4.5,1
readi,4.5,4.5,4.5,1
leant,4.5,4.5,4.5,1
hidingplac,4.5,4.5,4.5,1
rip,4.5,4.5,4.5,1
rim,4.5,4.5,4.5,1
virtu,4.5,4.5,4.5,1
quail,4.5,4.5,4.5,1
rid,4.5,4.5,4.5,1
vanish,4.5,4.5,4.5,1
grant,4.5,4.5,4.5,1
belong,4.5,4.5,4.5,1
miser,4.5,4.5,4.5,1
grand,4.5,4.5,4.5,1
terrac,4.5,4.5,4.5,1
higher,4.5,4.5,4.5,1
flurri,4.5,4.5,4.5,1
leapt,4.5,4.5,4.5,1
climb,4.5,4.5,4.5,1
task,4.5,4.5,4.5,1
entri,4.5,4.5,4.5,1
cheek,4.5,4.5,4.5,1
spent,4.5,4.5,4.5,1
unlac,4.5,4.5,4.5,1
chees,4.5,4.5,4.5,1
expens,4.5,4.5,4.5,1
tast,4.5,4.5,4.5,1
howl,4.5,4.5,4.5,1
propos,4.5,4.5,4.5,1
morsel,4.5,4.5,4.5,1
shape,4.5,4.5,4.5,1
daybreak,4.5,4.5,4.5,1
pebbl,4.5,4.5,4.5,1
timber,4.5,4.5,4.5,1
goblet,4.5,4.5,4.5,1
cup,4.5,4.5,4.5,1
persuad,4.5,4.5,4.5,1
spindl,4.5,4.5,4.5,1
eager,4.5,4.5,4.5,1
snap,4.5,4.5,4.5,1
cun,4.5,4.5,4.5,1
speedili,4.5,4.5,4.5,1
march,4.5,4.5,4.5,1
insol,4.5,4.5,4.5,1
big,4.5,4.5,4.5,1
bid,4.5,4.5,4.5,1
charcoalburn,4.5,4.5,4.5,1
awaken,4.5,4.5,4.5,1
faggotmak,4.5,4.5,4.5,1
knock,4.5,4.5,4.5,1
leisur,4.5,4.5,4.5,1
stranger,4.5,4.5,4.5,1
resolv,4.5,4.5,4.5,1
elaps,4.5,4.5,4.5,1
gretel,4.5,4.5,4.5,1
arthur,4.5,4.5,4.5,1
pilgrimag,4.5,4.5,4.5,1
downstair,4.5,4.5,4.5,1
embroid,4.5,4.5,4.5,1
canst,4.5,4.5,4.5,1
some,4.5,4.5,4.5,1
undress,4.5,4.5,4.5,1
urgent,4.5,4.5,4.5,1
palm,4.5,4.5,4.5,1
sight,4.5,4.5,4.5,1
mirror,4.5,4.5,4.5,1
surpris,4.5,4.5,4.5,1
pale,4.5,4.5,4.5,1
scale,4.5,4.5,4.5,1
plenti,4.5,4.5,4.5,1
disfigur,4.5,4.5,4.5,1
reckon,4.5,4.5,4.5,1
larg,4.5,4.5,4.5,1
undon,4.5,4.5,4.5,1
behelda,4.5,4.5,4.5,1
pea,4.5,4.5,4.5,1
spangl,4.5,4.5,4.5,1
be,4.5,4.5,4.5,1
run,4.5,4.5,4.5,1
rub,4.5,4.5,4.5,1
themsh,4.5,4.5,4.5,1
step,4.5,4.5,4.5,1
squeez,4.5,4.5,4.5,1
meantim,4.5,4.5,4.5,1
by,4.5,4.5,4.5,1
shine,4.5,4.5,4.5,1
faith,4.5,4.5,4.5,1
wore,4.5,4.5,4.5,1
materi,4.5,4.5,4.5,1
lifeless,4.5,4.5,4.5,1
idl,4.5,4.5,4.5,1
goodi,4.5,4.5,4.5,1
block,4.5,4.5,4.5,1
repair,4.5,4.5,4.5,1
hazelswitch,4.5,4.5,4.5,1
moss,4.5,4.5,4.5,1
savag,4.5,4.5,4.5,1
piteous,4.5,4.5,4.5,1
announc,4.5,4.5,4.5,1
snowwhit,4.5,4.5,4.5,1
question,4.5,4.5,4.5,1
long,4.5,4.5,4.5,1
rapunzel,4.5,4.5,4.5,1
prettier,4.5,4.5,4.5,1
suit,4.5,4.5,4.5,1
forward,4.5,4.5,4.5,1
perplex,4.5,4.5,4.5,1
frost,4.5,4.5,4.5,1
cloth,4.5,4.5,4.5,1
reed,4.5,4.5,4.5,1
branch,4.5,4.5,4.5,1
line,4.5,4.5,4.5,1
dull,4.5,4.5,4.5,1
heinrich,4.5,4.5,4.5,1
up,4.5,4.5,4.5,1
foresight,4.5,4.5,4.5,1
constant,4.5,4.5,4.5,1
curs,4.5,4.5,4.5,1
haunt,4.5,4.5,4.5,1
cure,4.5,4.5,4.5,1
chat,4.5,4.5,4.5,1
curl,4.5,4.5,4.5,1
doe,4.5,4.5,4.5,1
prevail,4.5,4.5,4.5,1
cotton,4.5,4.5,4.5,1
nich,4.5,4.5,4.5,1
transport,4.5,4.5,4.5,1
nay,4.5,4.5,4.5,1
mock,4.5,4.5,4.5,1
dale,4.5,4.5,4.5,1
draw,4.5,4.5,4.5,1
drag,4.5,4.5,4.5,1
desert,4.5,4.5,4.5,1
deserv,4.5,4.5,4.5,1
land,4.5,4.5,4.5,1
age,4.5,4.5,4.5,1
firesid,4.5,4.5,4.5,1
vow,4.5,4.5,4.5,1
heath,4.5,4.5,4.5,1
forsak,4.5,4.5,4.5,1
worn,4.5,4.5,4.5,1
sonh,4.5,4.5,4.5,1
fresh,4.5,4.5,4.5,1
edg,4.5,4.5,4.5,1
dainti,4.5,4.5,4.5,1
scratch,4.5,4.5,4.5,1
smallnay,4.5,4.5,4.5,1
go,4.5,4.5,4.5,1
strew,4.5,4.5,4.5,1
procur,4.5,4.5,4.5,1
send,4.5,4.5,4.5,1
blaze,4.5,4.5,4.5,1
fatal,4.5,4.5,4.5,1
sausag,4.5,4.5,4.5,1
disclos,4.5,4.5,4.5,1
mous,4.5,4.5,4.5,1
spoon,4.5,4.5,4.5,1
magic,4.5,4.5,4.5,1
knight,4.5,4.5,4.5,1
button,4.5,4.5,4.5,1
shock,4.5,4.5,4.5,1
michael,4.5,4.5,4.5,1
race,4.5,4.5,4.5,1
beastasleep,4.5,4.5,4.5,1
woefulli,4.5,4.5,4.5,1
marri,4.5,4.5,4.5,1
pleas,4.5,4.5,4.5,1
cap,4.5,4.5,4.5,1
fortun,4.5,4.5,4.5,1
carter,4.5,4.5,4.5,1
battl,4.5,4.5,4.5,1
mishap,4.5,4.5,4.5,1
agreeabl,4.5,4.5,4.5,1
jump,4.5,4.5,4.5,1
booti,4.5,4.5,4.5,1
folk,4.5,4.5,4.5,1
twine,4.5,4.5,4.5,1
poke,4.5,4.5,4.5,1
henceforth,4.5,4.5,4.5,1
led,4.5,4.5,4.5,1
urchin,4.5,4.5,4.5,1
spake,4.5,4.5,4.5,1
bodi,4.5,4.5,4.5,1
let,4.5,4.5,4.5,1
gaili,4.5,4.5,4.5,1
sing,4.5,4.5,4.5,1
fifteen,4.5,4.5,4.5,1
sinc,4.5,4.5,4.5,1
remark,4.5,4.5,4.5,1
convers,4.5,4.5,4.5,1
fetch,4.5,4.5,4.5,1
grandchild,4.5,4.5,4.5,1
geni,4.5,4.5,4.5,1
simpleton,4.5,4.5,4.5,1
chang,4.5,4.5,4.5,1
behead,4.5,4.5,4.5,1
shovel,4.5,4.5,4.5,1
disobey,4.5,4.5,4.5,1
duck,4.5,4.5,4.5,1
blunderbor,4.5,4.5,4.5,1
fed,4.5,4.5,4.5,1
next,4.5,4.5,4.5,1
generos,4.5,4.5,4.5,1
doubt,4.5,4.5,4.5,1
midday,4.5,4.5,4.5,1
rick,4.5,4.5,4.5,1
sort,4.5,4.5,4.5,1
clever,4.5,4.5,4.5,1
shipwreck,4.5,4.5,4.5,1
sharpli,4.5,4.5,4.5,1
billet,4.5,4.5,4.5,1
musician,4.5,4.5,4.5,1
sister,4.5,4.5,4.5,1
harvest,4.5,4.5,4.5,1
broth,4.5,4.5,4.5,1
women,4.5,4.5,4.5,1
account,4.5,4.5,4.5,1
goodeven,4.5,4.5,4.5,1
perceiv,4.5,4.5,4.5,1
this,4.5,4.5,4.5,1
ride,4.5,4.5,4.5,1
pour,4.5,4.5,4.5,1
gruff,4.5,4.5,4.5,1
thin,4.5,4.5,4.5,1
meet,4.5,4.5,4.5,1
contalabutt,4.5,4.5,4.5,1
scatter,4.5,4.5,4.5,1
slid,4.5,4.5,4.5,1
od,4.5,4.5,4.5,1
tap,4.5,4.5,4.5,1
bent,4.5,4.5,4.5,1
do,4.5,4.5,4.5,1
lock,4.5,4.5,4.5,1
rode,4.5,4.5,4.5,1
high,4.5,4.5,4.5,1
villain,4.5,4.5,4.5,1
slip,4.5,4.5,4.5,1
dinnertim,4.5,4.5,4.5,1
counterfeit,4.5,4.5,4.5,1
sir,4.5,4.5,4.5,1
sistersfor,4.5,4.5,4.5,1
pure,4.5,4.5,4.5,1
parlour,4.5,4.5,4.5,1
forest,4.5,4.5,4.5,1
stand,4.5,4.5,4.5,1
cupboard,4.5,4.5,4.5,1
attend,4.5,4.5,4.5,1
await,4.5,4.5,4.5,1
attent,4.5,4.5,4.5,1
light,4.5,4.5,4.5,1
sit,4.5,4.5,4.5,1
milkpail,4.5,4.5,4.5,1
linen,4.5,4.5,4.5,1
chief,4.5,4.5,4.5,1
ungrat,4.5,4.5,4.5,1
allow,4.5,4.5,4.5,1
furious,4.5,4.5,4.5,1
rampion,4.5,4.5,4.5,1
furnish,4.5,4.5,4.5,1
thigh,4.5,4.5,4.5,1
move,4.5,4.5,4.5,1
whilst,4.5,4.5,4.5,1
vizier,4.5,4.5,4.5,1
bunch,4.5,4.5,4.5,1
perfect,4.5,4.5,4.5,1
broom,4.5,4.5,4.5,1
brook,4.5,4.5,4.5,1
partridg,4.5,4.5,4.5,1
prosper,4.5,4.5,4.5,1
sword,4.5,4.5,4.5,1
flew,4.5,4.5,4.5,1
mention,4.5,4.5,4.5,1
emerald,4.5,4.5,4.5,1
front,4.5,4.5,4.5,1
cage,4.5,4.5,4.5,1
day,4.5,4.5,4.5,1
profound,4.5,4.5,4.5,1
feast,4.5,4.5,4.5,1
ecstaci,4.5,4.5,4.5,1
persia,4.5,4.5,4.5,1
beneath,4.5,4.5,4.5,1
stock,4.5,4.5,4.5,1
footmen,4.5,4.5,4.5,1
wander,4.5,4.5,4.5,1
pantri,4.5,4.5,4.5,1
cowhous,4.5,4.5,4.5,1
influenc,4.5,4.5,4.5,1
playth,4.5,4.5,4.5,1
confess,4.5,4.5,4.5,1
stuf,4.5,4.5,4.5,1
scimitar,4.5,4.5,4.5,1
lattic,4.5,4.5,4.5,1
custard,4.5,4.5,4.5,1
doortap,4.5,4.5,4.5,1
shut,4.5,4.5,4.5,1
thrush,4.5,4.5,4.5,1
perish,4.5,4.5,4.5,1
frank,4.5,4.5,4.5,1
undo,4.5,4.5,4.5,1
templ,4.5,4.5,4.5,1
graze,4.5,4.5,4.5,1
thrust,4.5,4.5,4.5,1
afterward,4.5,4.5,4.5,1
greedi,4.5,4.5,4.5,1
yard,4.5,4.5,4.5,1
enchant,4.5,4.5,4.5,1
could,4.5,4.5,4.5,1
stride,4.5,4.5,4.5,1
length,4.5,4.5,4.5,1
scarc,4.5,4.5,4.5,1
linnet,4.5,4.5,4.5,1
finest,4.5,4.5,4.5,1
resplend,4.5,4.5,4.5,1
sack,4.5,4.5,4.5,1
hitherto,4.5,4.5,4.5,1
bonnet,4.5,4.5,4.5,1
fatigu,4.5,4.5,4.5,1
hazeltre,4.5,4.5,4.5,1
scent,4.5,4.5,4.5,1
sugarcandi,4.5,4.5,4.5,1
smaller,4.5,4.5,4.5,1
monkey,4.5,4.5,4.5,1
strict,4.5,4.5,4.5,1
unknown,4.5,4.5,4.5,1
trembl,4.5,4.5,4.5,1
messag,4.5,4.5,4.5,1
their,4.5,4.5,4.5,1
pantomim,4.5,4.5,4.5,1
beard,4.5,4.5,4.5,1
shelf,4.5,4.5,4.5,1
ogr,4.5,4.5,4.5,1
diminish,4.5,4.5,4.5,1
nobodi,4.5,4.5,4.5,1
waist,4.5,4.5,4.5,1
wet,4.5,4.5,4.5,1
beg,4.5,4.5,4.5,1
yepick,4.5,4.5,4.5,1
throatand,4.5,4.5,4.5,1
lover,4.5,4.5,4.5,1
tommi,4.5,4.5,4.5,1
clip,4.5,4.5,4.5,1
terribl,4.5,4.5,4.5,1
partnership,4.5,4.5,4.5,1
tonight,4.5,4.5,4.5,1
cavern,4.5,4.5,4.5,1
have,4.5,4.5,4.5,1
close,4.5,4.5,4.5,1
throat,4.5,4.5,4.5,1
waken,4.5,4.5,4.5,1
border,4.5,4.5,4.5,1
she,4.5,4.5,4.5,1
aladdin,4.5,4.5,4.5,1
bough,4.5,4.5,4.5,1
rous,4.5,4.5,4.5,1
mustapha,4.5,4.5,4.5,1
twentytwo,4.5,4.5,4.5,1
divert,4.5,4.5,4.5,1
singl,4.5,4.5,4.5,1
who,4.5,4.5,4.5,1
whi,4.5,4.5,4.5,1
discov,4.5,4.5,4.5,1
firefli,4.5,4.5,4.5,1
clamber,4.5,4.5,4.5,1
clasp,4.5,4.5,4.5,1
gather,4.5,4.5,4.5,1
request,4.5,4.5,4.5,1
pipe,4.5,4.5,4.5,1
determin,4.5,4.5,4.5,1
son,4.5,4.5,4.5,1
affair,4.5,4.5,4.5,1
bring,4.5,4.5,4.5,1
chicken,4.5,4.5,4.5,1
leg,4.5,4.5,4.5,1
o,4.5,4.5,4.5,1
ear,4.5,4.5,4.5,1
nois,4.5,4.5,4.5,1
tire,4.5,4.5,4.5,1
youngest,4.5,4.5,4.5,1
upstair,4.5,4.5,4.5,1
brushwood,4.5,4.5,4.5,1
suppos,4.5,4.5,4.5,1
sparkl,4.5,4.5,4.5,1
fuel,4.5,4.5,4.5,1
forfeit,4.5,4.5,4.5,1
meant,4.5,4.5,4.5,1
beat,4.5,4.5,4.5,1
familiar,4.5,4.5,4.5,1
pave,4.5,4.5,4.5,1
gratifi,4.5,4.5,4.5,1
dishearten,4.5,4.5,4.5,1
ordain,4.5,4.5,4.5,1
summon,4.5,4.5,4.5,1
dearest,4.5,4.5,4.5,1
aviari,4.5,4.5,4.5,1
contain,4.5,4.5,4.5,1
greatgrandmoth,4.5,4.5,4.5,1
widow,4.5,4.5,4.5,1
madam,4.5,4.5,4.5,1
farthest,4.5,4.5,4.5,1
we,4.5,4.5,4.5,1
powder,4.5,4.5,4.5,1
undercook,4.5,4.5,4.5,1
entranc,4.5,4.5,4.5,1
still,4.5,4.5,4.5,1
closet,4.5,4.5,4.5,1
monstrous,4.5,4.5,4.5,1
written,4.5,4.5,4.5,1
viper,4.5,4.5,4.5,1
direst,4.5,4.5,4.5,1
bought,4.5,4.5,4.5,1
entic,4.5,4.5,4.5,1
sorrow,4.5,4.5,4.5,1
deliver,4.5,4.5,4.5,1
dislik,4.5,4.5,4.5,1
courtyard,4.5,4.5,4.5,1
spoil,4.5,4.5,4.5,1
undoubt,4.5,4.5,4.5,1
thumb,4.5,4.5,4.5,1
instant,4.5,4.5,4.5,1
equal,4.5,4.5,4.5,1
admit,4.5,4.5,4.5,1
admir,4.5,4.5,4.5,1
ashengrey,4.5,4.5,4.5,1
swim,4.5,4.5,4.5,1
swallow,4.5,4.5,4.5,1
wear,4.5,4.5,4.5,1
wale,4.5,4.5,4.5,1
christen,4.5,4.5,4.5,1
wall,4.5,4.5,4.5,1
arriv,4.5,4.5,4.5,1
walk,4.5,4.5,4.5,1
suppertim,4.5,4.5,4.5,1
laugh,4.5,4.5,4.5,1
quit,4.5,4.5,4.5,1
slowli,4.5,4.5,4.5,1
tread,4.5,4.5,4.5,1
compos,4.5,4.5,4.5,1
drank,4.5,4.5,4.5,1
besid,4.5,4.5,4.5,1
halffrozen,4.5,4.5,4.5,1
eloqu,4.5,4.5,4.5,1
feather,4.5,4.5,4.5,1
immedi,4.5,4.5,4.5,1
treasur,4.5,4.5,4.5,1
halfcircl,4.5,4.5,4.5,1
presenc,4.5,4.5,4.5,1
spaniel,4.5,4.5,4.5,1
feroci,4.5,4.5,4.5,1
furnitur,4.5,4.5,4.5,1
hautboy,4.5,4.5,4.5,1
will,4.5,4.5,4.5,1
mousehol,4.5,4.5,4.5,1
agat,4.5,4.5,4.5,1
wild,4.5,4.5,4.5,1
ill,4.5,4.5,4.5,1
thus,4.5,4.5,4.5,1
partner,4.5,4.5,4.5,1
deed,4.5,4.5,4.5,1
greater,4.5,4.5,4.5,1
ransom,4.5,4.5,4.5,1
misfortun,4.5,4.5,4.5,1
began,4.5,4.5,4.5,1
cross,4.5,4.5,4.5,1
cabbageleaf,4.5,4.5,4.5,1
difficult,4.5,4.5,4.5,1
prais,4.5,4.5,4.5,1
ball,4.5,4.5,4.5,1
dusk,4.5,4.5,4.5,1
forgotten,4.5,4.5,4.5,1
upon,4.5,4.5,4.5,1
overset,4.5,4.5,4.5,1
magician,4.5,4.5,4.5,1
collar,4.5,4.5,4.5,1
nevertheless,4.5,4.5,4.5,1
colour,4.5,4.5,4.5,1
well,4.5,4.5,4.5,1
command,4.5,4.5,4.5,1
choos,4.5,4.5,4.5,1
usual,4.5,4.5,4.5,1
dressingt,4.5,4.5,4.5,1
flesh,4.5,4.5,4.5,1
oak,4.5,4.5,4.5,1
mistaken,4.5,4.5,4.5,1
distant,4.5,4.5,4.5,1
surpass,4.5,4.5,4.5,1
dost,4.5,4.5,4.5,1
hayloft,4.5,4.5,4.5,1
point,4.5,4.5,4.5,1
add,4.5,4.5,4.5,1
ridinghood,4.5,4.5,4.5,1
crack,4.5,4.5,4.5,1
ought,4.5,4.5,4.5,1
footplank,4.5,4.5,4.5,1
fate,4.5,4.5,4.5,1
piec,4.5,4.5,4.5,1
brambl,4.5,4.5,4.5,1
wooer,4.5,4.5,4.5,1
burden,4.5,4.5,4.5,1
loss,4.5,4.5,4.5,1
like,4.5,4.5,4.5,1
sofa,4.5,4.5,4.5,1
plough,4.5,4.5,4.5,1
entangl,4.5,4.5,4.5,1
scullion,4.5,4.5,4.5,1
heed,4.5,4.5,4.5,1
lose,4.5,4.5,4.5,1
candl,4.5,4.5,4.5,1
page,4.5,4.5,4.5,1
heel,4.5,4.5,4.5,1
exceed,4.5,4.5,4.5,1
glare,4.5,4.5,4.5,1
womanwhom,4.5,4.5,4.5,1
hair,4.5,4.5,4.5,1
proper,4.5,4.5,4.5,1
thiev,4.5,4.5,4.5,1
librari,4.5,4.5,4.5,1
pebbleston,4.5,4.5,4.5,1
lead,4.5,4.5,4.5,1
cockatoo,4.5,4.5,4.5,1
broad,4.5,4.5,4.5,1
avoid,4.5,4.5,4.5,1
desol,4.5,4.5,4.5,1
shone,4.5,4.5,4.5,1
leap,4.5,4.5,4.5,1
leav,4.5,4.5,4.5,1
settl,4.5,4.5,4.5,1
approv,4.5,4.5,4.5,1
encourag,4.5,4.5,4.5,1
slight,4.5,4.5,4.5,1
mantl,4.5,4.5,4.5,1
host,4.5,4.5,4.5,1
milkfac,4.5,4.5,4.5,1
swept,4.5,4.5,4.5,1
throne,4.5,4.5,4.5,1
about,4.5,4.5,4.5,1
rare,4.5,4.5,4.5,1
foretold,4.5,4.5,4.5,1
toadstool,4.5,4.5,4.5,1
emperor,4.5,4.5,4.5,1
desper,4.5,4.5,4.5,1
ahunt,4.5,4.5,4.5,1
owe,4.5,4.5,4.5,1
guard,4.5,4.5,4.5,1
weather,4.5,4.5,4.5,1
brush,4.5,4.5,4.5,1
dug,4.5,4.5,4.5,1
forget,4.5,4.5,4.5,1
ailment,4.5,4.5,4.5,1
danceyou,4.5,4.5,4.5,1
pictur,4.5,4.5,4.5,1
cinderella,4.5,4.5,4.5,1
appl,4.5,4.5,4.5,1
buy,4.5,4.5,4.5,1
unexpect,4.5,4.5,4.5,1
windowpan,4.5,4.5,4.5,1
conditionthat,4.5,4.5,4.5,1
mutter,4.5,4.5,4.5,1
but,4.5,4.5,4.5,1
grate,4.5,4.5,4.5,1
eas,4.5,4.5,4.5,1
ha,4.5,4.5,4.5,1
he,4.5,4.5,4.5,1
veget,4.5,4.5,4.5,1
seiz,4.5,4.5,4.5,1
leathern,4.5,4.5,4.5,1
troubl,4.5,4.5,4.5,1
roam,4.5,4.5,4.5,1
belov,4.5,4.5,4.5,1
dame,4.5,4.5,4.5,1
itit,4.5,4.5,4.5,1
bewail,4.5,4.5,4.5,1
whisper,4.5,4.5,4.5,1
dearth,4.5,4.5,4.5,1
penni,4.5,4.5,4.5,1
pit,4.5,4.5,4.5,1
probabl,4.5,4.5,4.5,1
forestw,4.5,4.5,4.5,1
boot,4.5,4.5,4.5,1
other,4.5,4.5,4.5,1
futur,6.75,5.25,4.75,2
rememb,4.5,4.5,4.5,1
wing,4.5,4.5,4.5,1
stay,4.5,4.5,4.5,1
stag,4.5,4.5,4.5,1
foil,4.5,4.5,4.5,1
stab,4.5,4.5,4.5,1
amend,4.5,4.5,4.5,1
kindl,4.5,4.5,4.5,1
veil,4.5,4.5,4.5,1
humbl,4.5,4.5,4.5,1
appoint,4.5,4.5,4.5,1
spectacl,4.5,4.5,4.5,1
armor,4.5,4.5,4.5,1
sash,4.5,4.5,4.5,1
gruffli,4.5,4.5,4.5,1
